id,first_name,last_name,email,gender
1,Ophelia,Snasdell,osnasdell0@google.pl,Female
2,Vivyanne,Freschini,vfreschini1@springer.com,Female
3,Marshall,Fison,mfison2@ox.ac.uk,Male
4,Shela,Skae,sskae3@loc.gov,Female
5,Lucille,Mulder,lmulder4@businessweek.com,Female
6,Lonny,Sewter,lsewter5@1688.com,Genderfluid
7,Austen,Maltster,amaltster6@ifeng.com,Male
8,Cortie,Wilbraham,cwilbraham7@elpais.com,Male
9,Neall,Dimbylow,ndimbylow8@washington.edu,Male
10,Evangelia,Goulston,egoulston9@indiegogo.com,Female
11,Chelsy,Bussen,cbussena@dailymotion.com,Female
12,Annabella,Morrish,amorrishb@irs.gov,Female
13,Benjamin,Argent,bargentc@theguardian.com,Agender
14,Eada,Spirit,espiritd@webmd.com,Female
15,Clerissa,Cuell,ccuelle@fc2.com,Female
16,Miner,McGinley,mmcginleyf@sbwire.com,Male
17,Aylmar,Rumke,arumkeg@infoseek.co.jp,Male
18,Forrester,Aimer,faimerh@geocities.jp,Male
19,Alfons,Sorrel,asorreli@yelp.com,Male
20,Meryl,Paradise,mparadisej@nymag.com,Female
21,Kacey,Clinning,kclinningk@qq.com,Female
22,Dannie,Morecomb,dmorecombl@goo.gl,Male
23,Cullen,Deshorts,cdeshortsm@infoseek.co.jp,Male
24,Mendie,Mantle,mmantlen@wikispaces.com,Male
25,Jarid,Easman,jeasmano@lycos.com,Genderqueer
26,Cliff,Peret,cperetp@sfgate.com,Male
27,Tally,O'Heagertie,toheagertieq@microsoft.com,Male
28,Carolus,Garfath,cgarfathr@behance.net,Male
29,Reed,Besemer,rbesemers@multiply.com,Male
30,Karim,Alasdair,kalasdairt@cdbaby.com,Male
31,Mabelle,Khidr,mkhidru@berkeley.edu,Female
32,Wallas,Pettisall,wpettisallv@dot.gov,Male
33,Danya,Lytlle,dlytllew@blogtalkradio.com,Male
34,Suzanna,Dahlberg,sdahlbergx@redcross.org,Non-binary
35,Paton,Neller,pnellery@buzzfeed.com,Male
36,Mattias,Garforth,mgarforthz@google.com.br,Male
37,Clara,Oppie,coppie10@un.org,Genderfluid
38,Costa,D'Avaux,cdavaux11@twitpic.com,Male
39,Pooh,Kreutzer,pkreutzer12@chicagotribune.com,Male
40,Bond,Scarrisbrick,bscarrisbrick13@blinklist.com,Male
41,Beilul,Croizier,bcroizier14@tiny.cc,Female
42,Sanders,Cowpland,scowpland15@discuz.net,Male
43,Phineas,McQuaid,pmcquaid16@tripadvisor.com,Male
44,Tildie,Donnell,tdonnell17@ted.com,Genderqueer
45,Maitilde,Rosander,mrosander18@free.fr,Female
46,Josselyn,Bullerwell,jbullerwell19@google.com.hk,Female
47,Xever,Mistry,xmistry1a@rakuten.co.jp,Male
48,Waite,Lintill,wlintill1b@cocolog-nifty.com,Polygender
49,Sula,De Ruggiero,sderuggiero1c@marketwatch.com,Female
50,Olenolin,Whittek,owhittek1d@sakura.ne.jp,Male
51,Jedediah,Ohms,johms1e@economist.com,Genderfluid
52,Ethelind,Savine,esavine1f@histats.com,Female
53,Skell,Anstey,sanstey1g@tripod.com,Male
54,Georgi,Burberow,gburberow1h@over-blog.com,Male
55,Gus,Kinnaird,gkinnaird1i@jigsy.com,Female
56,Rhody,Asel,rasel1j@spotify.com,Female
57,Meaghan,Castagno,mcastagno1k@telegraph.co.uk,Female
58,Astrid,Nutley,anutley1l@phpbb.com,Female
59,Byran,Very,bvery1m@abc.net.au,Male
60,Jock,Gethen,jgethen1n@jugem.jp,Male
61,Grant,Styche,gstyche1o@rambler.ru,Male
62,Cristy,Ockenden,cockenden1p@amazon.co.jp,Female
63,Geraldine,Scocroft,gscocroft1q@upenn.edu,Female
64,Dorine,Cobley,dcobley1r@cisco.com,Female
65,Genevieve,Hansford,ghansford1s@sciencedirect.com,Female
66,Angelico,Malling,amalling1t@baidu.com,Male
67,Matthias,Nowlan,mnowlan1u@usnews.com,Male
68,Marietta,MacVay,mmacvay1v@nyu.edu,Bigender
69,Darrelle,Canete,dcanete1w@so-net.ne.jp,Female
70,Bertha,Paute,bpaute1x@tripod.com,Female
71,Janenna,Alessandrucci,jalessandrucci1y@marriott.com,Female
72,Micheil,Riolfo,mriolfo1z@stumbleupon.com,Male
73,Irina,Petherick,ipetherick20@wp.com,Female
74,Heinrik,Leve,hleve21@fastcompany.com,Non-binary
75,Basil,Gosnold,bgosnold22@sciencedirect.com,Male
76,Chaim,Collip,ccollip23@yellowbook.com,Male
77,Garnet,Tolcharde,gtolcharde24@ted.com,Female
78,Roslyn,Gunnell,rgunnell25@howstuffworks.com,Female
79,Benedick,Gaytor,bgaytor26@illinois.edu,Male
80,Catina,Regitz,cregitz27@howstuffworks.com,Female
81,Julie,Howsin,jhowsin28@cnn.com,Male
82,Husain,Villa,hvilla29@miitbeian.gov.cn,Male
83,Bernette,O'Curran,bocurran2a@ucsd.edu,Female
84,Agnese,Elsie,aelsie2b@businessinsider.com,Female
85,Briano,Stores,bstores2c@discuz.net,Male
86,Alaster,Bum,abum2d@merriam-webster.com,Male
87,Frants,Acklands,facklands2e@usgs.gov,Non-binary
88,Tandie,McCobb,tmccobb2f@pbs.org,Female
89,Iona,Bugby,ibugby2g@sciencedirect.com,Female
90,Tessi,Flott,tflott2h@aboutads.info,Female
91,Andros,Alps,aalps2i@sina.com.cn,Male
92,Petr,Matyushonok,pmatyushonok2j@tinypic.com,Male
93,Allsun,Bellefonte,abellefonte2k@addtoany.com,Female
94,Rosalinde,Alcide,ralcide2l@sohu.com,Female
95,Elnar,Conws,econws2m@ca.gov,Male
96,Shannah,Ainsley,sainsley2n@yandex.ru,Female
97,Marigold,Tysack,mtysack2o@princeton.edu,Female
98,Shaine,Elnor,selnor2p@usa.gov,Male
99,Cob,Elsop,celsop2q@mozilla.com,Male
100,Keri,Wasbrough,kwasbrough2r@cmu.edu,Female
101,Moira,Wenderott,mwenderott2s@mapquest.com,Female
102,Merci,Speirs,mspeirs2t@huffingtonpost.com,Female
103,Dick,Balkwill,dbalkwill2u@spiegel.de,Bigender
104,Edythe,Biaggetti,ebiaggetti2v@prnewswire.com,Female
105,Brien,Gudyer,bgudyer2w@mit.edu,Male
106,Jermain,Hessentaler,jhessentaler2x@wordpress.org,Male
107,Portia,Spittal,pspittal2y@delicious.com,Female
108,Constancy,Hospital,chospital2z@statcounter.com,Female
109,Glenine,Boorne,gboorne30@tumblr.com,Female
110,Hattie,Pickvance,hpickvance31@va.gov,Female
111,Floris,Pollins,fpollins32@discovery.com,Agender
112,Sibbie,Karys,skarys33@amazonaws.com,Non-binary
113,Kahaleel,Mackleden,kmackleden34@sakura.ne.jp,Male
114,Amara,Dumingos,adumingos35@photobucket.com,Female
115,Teddie,Campling,tcampling36@walmart.com,Female
116,Merle,Henriquet,mhenriquet37@last.fm,Female
117,Jonah,Whitely,jwhitely38@printfriendly.com,Male
118,Ferdie,Frackiewicz,ffrackiewicz39@newyorker.com,Agender
119,Delia,O'Dowd,dodowd3a@cyberchimps.com,Female
120,Yance,Scholtz,yscholtz3b@prlog.org,Male
121,Ettore,Begin,ebegin3c@toplist.cz,Male
122,Jojo,Dorow,jdorow3d@latimes.com,Female
123,Essy,Bellamy,ebellamy3e@free.fr,Female
124,Nathanil,Give,ngive3f@odnoklassniki.ru,Male
125,Merrily,Osgodby,mosgodby3g@naver.com,Female
126,Rosie,Linwood,rlinwood3h@privacy.gov.au,Agender
127,Meris,Trayton,mtrayton3i@apple.com,Female
128,Brnaby,Maps,bmaps3j@meetup.com,Agender
129,Nevsa,de Clerq,ndeclerq3k@craigslist.org,Polygender
130,Emile,Capineer,ecapineer3l@tripod.com,Male
131,Mathe,Brownsea,mbrownsea3m@dot.gov,Male
132,Rafi,MacAne,rmacane3n@hhs.gov,Male
133,Alyosha,Flement,aflement3o@123-reg.co.uk,Male
134,Consuela,Ottewill,cottewill3p@cdc.gov,Female
135,Donny,Lightwing,dlightwing3q@myspace.com,Male
136,Valene,Hallin,vhallin3r@bing.com,Female
137,Jessica,Pendrigh,jpendrigh3s@topsy.com,Female
138,Rhys,Deas,rdeas3t@mozilla.com,Male
139,Floris,Takos,ftakos3u@usgs.gov,Female
140,Meade,Feak,mfeak3v@infoseek.co.jp,Male
141,Deirdre,MacNaughton,dmacnaughton3w@timesonline.co.uk,Female
142,Cristal,Feldbrin,cfeldbrin3x@usnews.com,Female
143,Carmen,Castelletti,ccastelletti3y@slideshare.net,Female
144,Hildegarde,Sweeney,hsweeney3z@geocities.com,Female
145,Mendie,Dewett,mdewett40@meetup.com,Male
146,Malynda,MacColl,mmaccoll41@devhub.com,Female
147,Rodolfo,Kynder,rkynder42@apache.org,Male
148,Hailee,Mar,hmar43@senate.gov,Female
149,Lexine,Curro,lcurro44@google.co.uk,Agender
150,Jo,Buttrick,jbuttrick45@cmu.edu,Male
151,Hayden,Youens,hyouens46@flickr.com,Male
152,Tedda,Mathivon,tmathivon47@fastcompany.com,Female
153,Denis,Mulrenan,dmulrenan48@chronoengine.com,Non-binary
154,Raviv,Blampied,rblampied49@yahoo.co.jp,Male
155,Marleah,Danbi,mdanbi4a@cargocollective.com,Female
156,Filbert,Curado,fcurado4b@infoseek.co.jp,Male
157,Kaiser,Bussey,kbussey4c@php.net,Male
158,Lynne,Knell,lknell4d@squidoo.com,Female
159,Ford,O'Heffernan,foheffernan4e@thetimes.co.uk,Male
160,Joellyn,Hardie,jhardie4f@tripadvisor.com,Female
161,Darnell,Gilhooly,dgilhooly4g@furl.net,Male
162,Josh,Hume,jhume4h@prlog.org,Male
163,Inglebert,Westwell,iwestwell4i@hubpages.com,Male
164,Marlon,Jolliman,mjolliman4j@home.pl,Male
165,Bethena,Hydes,bhydes4k@icio.us,Female
166,Catherin,Dreus,cdreus4l@cam.ac.uk,Female
167,Harli,Turnbull,hturnbull4m@sphinn.com,Female
168,Penny,Nial,pnial4n@wordpress.com,Male
169,Ryan,Rooper,rrooper4o@google.fr,Male
170,Genny,Burles,gburles4p@unesco.org,Female
171,Derrik,Gandley,dgandley4q@cbc.ca,Genderfluid
172,Ram,Romanini,rromanini4r@chicagotribune.com,Male
173,Gizela,Routhorn,grouthorn4s@independent.co.uk,Female
174,Gustavo,Audibert,gaudibert4t@sphinn.com,Genderqueer
175,Paco,Gawthrop,pgawthrop4u@unesco.org,Male
176,Quintana,Prose,qprose4v@prlog.org,Female
177,Devin,Linzee,dlinzee4w@bloglines.com,Male
178,Karin,Shay,kshay4x@google.fr,Female
179,Stefa,Foskett,sfoskett4y@diigo.com,Female
180,Ferdinanda,Swinney,fswinney4z@ucsd.edu,Female
181,Kenny,Rope,krope50@discovery.com,Male
182,Revkah,Galletley,rgalletley51@reverbnation.com,Female
183,Worth,Rootes,wrootes52@ox.ac.uk,Male
184,Pete,Tappington,ptappington53@symantec.com,Male
185,Ulla,St Leger,ustleger54@auda.org.au,Genderfluid
186,Chelsae,Tidswell,ctidswell55@bandcamp.com,Polygender
187,Johnette,Scrimgeour,jscrimgeour56@ovh.net,Genderfluid
188,Olly,Leemans,oleemans57@myspace.com,Female
189,Anthe,Pedwell,apedwell58@cbc.ca,Female
190,Kitty,Champley,kchampley59@meetup.com,Female
191,Cecily,Kinnen,ckinnen5a@com.com,Female
192,Bunnie,Hedge,bhedge5b@java.com,Female
193,Bill,Boots,bboots5c@de.vu,Female
194,Marijo,Coates,mcoates5d@eepurl.com,Female
195,Lorrie,Kinrade,lkinrade5e@fema.gov,Male
196,Nevins,Binnes,nbinnes5f@hubpages.com,Male
197,Roshelle,Maker,rmaker5g@bigcartel.com,Female
198,Mayer,Pyner,mpyner5h@dyndns.org,Male
199,Tanya,Ceschi,tceschi5i@mozilla.com,Female
200,Nessy,Hawkswood,nhawkswood5j@weebly.com,Female
201,Shepard,Duxbury,sduxbury5k@chicagotribune.com,Male
202,Glen,Masi,gmasi5l@redcross.org,Male
203,Marji,Kornyakov,mkornyakov5m@tuttocitta.it,Female
204,Nicolle,Marton,nmarton5n@google.com.hk,Female
205,Eddie,Gostick,egostick5o@networksolutions.com,Bigender
206,Malissa,Cotman,mcotman5p@nature.com,Female
207,Darill,Loosemore,dloosemore5q@tumblr.com,Male
208,Zackariah,Marciek,zmarciek5r@aol.com,Male
209,Aili,Deboick,adeboick5s@chicagotribune.com,Non-binary
210,Cort,Monery,cmonery5t@clickbank.net,Male
211,Micheal,McDonald,mmcdonald5u@google.co.jp,Male
212,Wit,Mizen,wmizen5v@moonfruit.com,Male
213,Melitta,Bilston,mbilston5w@geocities.com,Female
214,Forrester,McMeeking,fmcmeeking5x@japanpost.jp,Male
215,Vivi,Blindmann,vblindmann5y@alibaba.com,Female
216,Currey,Eardley,ceardley5z@cargocollective.com,Agender
217,Napoleon,Siddell,nsiddell60@altervista.org,Male
218,Gerick,Giraudeau,ggiraudeau61@gizmodo.com,Male
219,Kali,Ede,kede62@seesaa.net,Female
220,Humbert,Stain,hstain63@de.vu,Male
221,Bessy,Kestell,bkestell64@gnu.org,Female
222,Roz,McColgan,rmccolgan65@digg.com,Female
223,Hobie,Angell,hangell66@cyberchimps.com,Male
224,David,Mallya,dmallya67@lulu.com,Male
225,Land,Finlason,lfinlason68@jiathis.com,Non-binary
226,Karin,Cullon,kcullon69@pen.io,Female
227,Orelie,Fairfoull,ofairfoull6a@europa.eu,Female
228,Noach,Cotterell,ncotterell6b@vinaora.com,Male
229,Hermione,Peasey,hpeasey6c@sciencedaily.com,Female
230,Noe,Phettis,nphettis6d@eepurl.com,Male
231,Latrena,Benettelli,lbenettelli6e@mapquest.com,Female
232,Son,Crummey,scrummey6f@odnoklassniki.ru,Male
233,Ewart,Bonnin,ebonnin6g@umich.edu,Bigender
234,Archaimbaud,Diack,adiack6h@yolasite.com,Male
235,Durand,Corinton,dcorinton6i@skype.com,Male
236,Galvin,Meneghi,gmeneghi6j@cafepress.com,Male
237,Dominick,Greason,dgreason6k@deviantart.com,Male
238,Brock,Mangham,bmangham6l@4shared.com,Male
239,Andris,Hartlebury,ahartlebury6m@so-net.ne.jp,Male
240,Leola,Huttley,lhuttley6n@bigcartel.com,Female
241,Brian,Blanko,bblanko6o@cyberchimps.com,Male
242,Ron,Sweed,rsweed6p@google.fr,Male
243,Melantha,Emptage,memptage6q@scribd.com,Genderqueer
244,Hilliard,Jagger,hjagger6r@baidu.com,Male
245,Marty,Dougal,mdougal6s@networksolutions.com,Female
246,Verge,Farnorth,vfarnorth6t@prlog.org,Genderfluid
247,Hope,Duiged,hduiged6u@clickbank.net,Female
248,Urban,Kelby,ukelby6v@is.gd,Male
249,Marthe,Hryncewicz,mhryncewicz6w@theguardian.com,Female
250,Fidel,Bramsom,fbramsom6x@ucsd.edu,Male
251,Christian,Odom,codom6y@walmart.com,Male
252,Rivy,Farady,rfarady6z@imageshack.us,Female
253,Vanny,Dupree,vdupree70@miitbeian.gov.cn,Female
254,Shepperd,Iannuzzi,siannuzzi71@netvibes.com,Male
255,Heloise,Athow,hathow72@storify.com,Female
256,Tye,Biasio,tbiasio73@msn.com,Male
257,Garfield,Scullion,gscullion74@aol.com,Male
258,Adela,Isakov,aisakov75@google.com.br,Female
259,Madelon,Boumphrey,mboumphrey76@arizona.edu,Female
260,Gran,Gallemore,ggallemore77@edublogs.org,Male
261,Gae,Bushnell,gbushnell78@amazonaws.com,Female
262,Rahel,Gilbey,rgilbey79@rakuten.co.jp,Female
263,Matthew,Dixcee,mdixcee7a@google.com,Genderqueer
264,Brenda,Minister,bminister7b@jigsy.com,Female
265,Aggy,Gillon,agillon7c@microsoft.com,Female
266,Merl,Parnell,mparnell7d@yellowbook.com,Female
267,Rubin,Bowser,rbowser7e@alibaba.com,Male
268,Calli,Chinnock,cchinnock7f@booking.com,Female
269,Fabien,Stubbins,fstubbins7g@yahoo.com,Male
270,Tilda,Bines,tbines7h@cam.ac.uk,Female
271,Marysa,Tallis,mtallis7i@irs.gov,Female
272,Portia,Skippen,pskippen7j@fastcompany.com,Female
273,Cathie,Cutriss,ccutriss7k@sitemeter.com,Female
274,Darleen,Kersley,dkersley7l@alibaba.com,Female
275,Hattie,Crosgrove,hcrosgrove7m@w3.org,Female
276,Munroe,MacIntyre,mmacintyre7n@howstuffworks.com,Male
277,Chlo,Coll,ccoll7o@indiatimes.com,Non-binary
278,Bethena,Proctor,bproctor7p@chicagotribune.com,Female
279,Alix,Hatherley,ahatherley7q@imageshack.us,Female
280,Nathanial,Thebe,nthebe7r@over-blog.com,Male
281,Waldo,Tatham,wtatham7s@gizmodo.com,Male
282,Carver,McCormick,cmccormick7t@google.ru,Male
283,Austina,Bragginton,abragginton7u@wisc.edu,Female
284,Brody,Brennans,bbrennans7v@oracle.com,Male
285,Devina,Bubeer,dbubeer7w@creativecommons.org,Female
286,Nalani,Sharrard,nsharrard7x@tmall.com,Female
287,Adorne,Klemensiewicz,aklemensiewicz7y@ft.com,Polygender
288,Erastus,Capenor,ecapenor7z@flickr.com,Male
289,Maire,Pautot,mpautot80@dailymotion.com,Female
290,Rozalin,Foulsham,rfoulsham81@instagram.com,Female
291,Gypsy,Pinck,gpinck82@yahoo.com,Female
292,Harlen,Cosham,hcosham83@army.mil,Male
293,Jenifer,Scammonden,jscammonden84@admin.ch,Female
294,Angelico,Macconaghy,amacconaghy85@jalbum.net,Male
295,Cob,Assante,cassante86@tamu.edu,Male
296,Bertina,Seligson,bseligson87@gnu.org,Female
297,Flinn,Giraudot,fgiraudot88@bing.com,Male
298,Danice,Prudence,dprudence89@webnode.com,Female
299,Boony,Pigford,bpigford8a@1und1.de,Male
300,Gregg,Gwyn,ggwyn8b@netvibes.com,Male
301,Othelia,Donati,odonati8c@theatlantic.com,Female
302,Carolynn,Cobbled,ccobbled8d@netscape.com,Female
303,Collette,Cockarill,ccockarill8e@ning.com,Female
304,Gusta,Baber,gbaber8f@qq.com,Female
305,Cornelius,Layzell,clayzell8g@forbes.com,Male
306,Stefa,Parkinson,sparkinson8h@sbwire.com,Female
307,Lincoln,Alred,lalred8i@yelp.com,Male
308,Lurette,Hudghton,lhudghton8j@ox.ac.uk,Female
309,Octavius,Egalton,oegalton8k@webs.com,Male
310,Barbey,Colaco,bcolaco8l@pinterest.com,Female
311,Olly,Pashler,opashler8m@cargocollective.com,Female
312,Emlynn,Gooms,egooms8n@ocn.ne.jp,Female
313,Danya,Cuddehy,dcuddehy8o@t.co,Female
314,Darb,Leopold,dleopold8p@spotify.com,Female
315,Sam,Mandre,smandre8q@devhub.com,Male
316,Chauncey,Leveret,cleveret8r@ftc.gov,Male
317,Jewelle,Schelle,jschelle8s@odnoklassniki.ru,Female
318,Edgar,Thorowgood,ethorowgood8t@nytimes.com,Male
319,Marty,Byatt,mbyatt8u@nsw.gov.au,Female
320,Sinclare,Nanson,snanson8v@newsvine.com,Male
321,Meggi,Romanet,mromanet8w@purevolume.com,Female
322,Anita,Hanhardt,ahanhardt8x@fema.gov,Female
323,Werner,Hellmore,whellmore8y@ox.ac.uk,Male
324,Gaston,Nyles,gnyles8z@arstechnica.com,Male
325,Ginger,Bury,gbury90@histats.com,Male
326,Florinda,Dobney,fdobney91@washington.edu,Female
327,Barnabe,Crickmoor,bcrickmoor92@about.com,Male
328,Adelina,Feake,afeake93@elegantthemes.com,Female
329,Lee,Nollet,lnollet94@pen.io,Female
330,Delphinia,Speller,dspeller95@mac.com,Female
331,Morrie,Pessel,mpessel96@infoseek.co.jp,Male
332,Devlen,Easterling,deasterling97@slate.com,Male
333,Cornie,Aleksankov,caleksankov98@nbcnews.com,Male
334,Carny,Petrus,cpetrus99@toplist.cz,Male
335,Vivien,Till,vtill9a@mtv.com,Female
336,Nikolaus,Ferre,nferre9b@bloomberg.com,Male
337,Hewitt,Kells,hkells9c@t-online.de,Male
338,Rhett,Briand,rbriand9d@bravesites.com,Male
339,Joann,Dimitriou,jdimitriou9e@cnbc.com,Female
340,Vivian,McCrae,vmccrae9f@wsj.com,Female
341,Marv,Girardey,mgirardey9g@yellowbook.com,Male
342,Francis,Grzelczyk,fgrzelczyk9h@shop-pro.jp,Male
343,Othilia,Laffranconi,olaffranconi9i@moonfruit.com,Female
344,Margaret,Gerrans,mgerrans9j@trellian.com,Female
345,Nixie,Marriage,nmarriage9k@answers.com,Female
346,Celine,Calver,ccalver9l@desdev.cn,Female
347,Dion,Sedgmond,dsedgmond9m@etsy.com,Male
348,Carly,Bonwick,cbonwick9n@people.com.cn,Female
349,Hamid,Foan,hfoan9o@army.mil,Male
350,Cristiano,Kingswood,ckingswood9p@e-recht24.de,Male
351,Cairistiona,Revill,crevill9q@baidu.com,Female
352,Robbi,Southcomb,rsouthcomb9r@cloudflare.com,Female
353,Elka,Perett,eperett9s@virginia.edu,Female
354,Clarke,Giraths,cgiraths9t@admin.ch,Male
355,Vincenz,Bartolacci,vbartolacci9u@domainmarket.com,Male
356,Olivier,Lowndsborough,olowndsborough9v@illinois.edu,Male
357,Flo,Seabon,fseabon9w@google.fr,Female
358,Isaak,Begwell,ibegwell9x@wired.com,Male
359,Duffy,Stack,dstack9y@gravatar.com,Male
360,Roxane,Houseley,rhouseley9z@nbcnews.com,Female
361,Rocky,Starzaker,rstarzakera0@blogger.com,Male
362,Gerrilee,Apple,gapplea1@storify.com,Non-binary
363,Madalyn,Denial,mdeniala2@biglobe.ne.jp,Female
364,Noelle,Rablin,nrablina3@google.pl,Female
365,Esmeralda,Gussin,egussina4@slashdot.org,Female
366,Aylmar,Curness,acurnessa5@baidu.com,Male
367,Letitia,Pearlman,lpearlmana6@indiatimes.com,Female
368,Anna,Ivetts,aivettsa7@biglobe.ne.jp,Female
369,Andree,Gingel,agingela8@usgs.gov,Female
370,Terrence,Potes,tpotesa9@liveinternet.ru,Male
371,Minnie,Tollady,mtolladyaa@hhs.gov,Female
372,Jeffrey,Bigg,jbiggab@lycos.com,Male
373,Virgina,Penwarden,vpenwardenac@posterous.com,Female
374,Gustave,Bridgstock,gbridgstockad@nyu.edu,Male
375,Micky,Lightbowne,mlightbowneae@photobucket.com,Female
376,Filide,O' Borne,foborneaf@drupal.org,Female
377,Robbie,Sutherden,rsutherdenag@gmpg.org,Female
378,Dynah,Zellmer,dzellmerah@naver.com,Female
379,Rivy,Collard,rcollardai@1688.com,Female
380,Loydie,Camplejohn,lcamplejohnaj@canalblog.com,Male
381,Adolpho,Rayne,arayneak@bigcartel.com,Polygender
382,Steffen,O'Breen,sobreenal@rediff.com,Non-binary
383,Joycelin,Grelak,jgrelakam@topsy.com,Non-binary
384,Martino,Jindra,mjindraan@gizmodo.com,Male
385,Aluin,Pestridge,apestridgeao@themeforest.net,Male
386,Jennee,Gladdis,jgladdisap@e-recht24.de,Female
387,Van,Odger,vodgeraq@amazon.co.jp,Female
388,Kaine,Capener,kcapenerar@4shared.com,Male
389,Christoffer,Stokoe,cstokoeas@chicagotribune.com,Male
390,Ingmar,Cranna,icrannaat@edublogs.org,Male
391,Joane,Lodemann,jlodemannau@cpanel.net,Female
392,Elisa,Aronson,earonsonav@desdev.cn,Agender
393,Huntlee,Tapton,htaptonaw@marriott.com,Male
394,Anthe,Archibald,aarchibaldax@weibo.com,Female
395,Gannon,Oherlihy,goherlihyay@opera.com,Genderqueer
396,Bastien,Simonin,bsimoninaz@studiopress.com,Male
397,Margit,Zorzoni,mzorzonib0@meetup.com,Female
398,Kipp,Blade,kbladeb1@angelfire.com,Male
399,Felicdad,Fullagar,ffullagarb2@wikipedia.org,Female
400,Vitia,Jouannot,vjouannotb3@springer.com,Female
401,Hugues,Plumbley,hplumbleyb4@reuters.com,Male
402,Mark,Comolli,mcomollib5@mac.com,Male
403,Efrem,Cheale,echealeb6@pbs.org,Male
404,Henrietta,Boseley,hboseleyb7@sfgate.com,Female
405,Carey,Hanning,channingb8@washingtonpost.com,Male
406,Gabriel,McCowan,gmccowanb9@biblegateway.com,Male
407,Townsend,Rudsdale,trudsdaleba@wsj.com,Male
408,Merrielle,Stellman,mstellmanbb@hubpages.com,Female
409,Far,Castellan,fcastellanbc@mac.com,Male
410,Mel,Chatan,mchatanbd@soup.io,Male
411,Gwenneth,Hughesdon,ghughesdonbe@facebook.com,Female
412,Enrique,Wythe,ewythebf@businesswire.com,Male
413,Drake,Billany,dbillanybg@free.fr,Male
414,Fawne,Amiranda,famirandabh@ucoz.ru,Female
415,Malina,Dietzler,mdietzlerbi@istockphoto.com,Female
416,Ola,Triggle,otrigglebj@theguardian.com,Female
417,Josy,Mattioni,jmattionibk@w3.org,Female
418,Roxana,Elliker,rellikerbl@ameblo.jp,Female
419,Gayle,Adamovitz,gadamovitzbm@sciencedaily.com,Polygender
420,Faith,Pipkin,fpipkinbn@arstechnica.com,Female
421,Deeyn,Ajean,dajeanbo@fda.gov,Female
422,Jedd,Axcell,jaxcellbp@telegraph.co.uk,Male
423,Tootsie,Dykas,tdykasbq@bandcamp.com,Female
424,Costa,Fenelow,cfenelowbr@shareasale.com,Male
425,Andonis,Durn,adurnbs@hexun.com,Agender
426,Sam,Woolstenholmes,swoolstenholmesbt@nyu.edu,Female
427,Theo,Gowers,tgowersbu@japanpost.jp,Female
428,Alex,Slyman,aslymanbv@wordpress.org,Male
429,Archibold,Mourant,amourantbw@amazonaws.com,Male
430,Saba,Ferreira,sferreirabx@photobucket.com,Female
431,Friedrick,Water,fwaterby@cbc.ca,Male
432,Edeline,Dibdall,edibdallbz@yahoo.co.jp,Female
433,Arel,Briggdale,abriggdalec0@yahoo.com,Male
434,Verney,Dougher,vdougherc1@businessinsider.com,Male
435,Jeromy,Pentland,jpentlandc2@ftc.gov,Male
436,Umberto,Biagioni,ubiagionic3@jigsy.com,Male
437,Evan,Malthouse,emalthousec4@forbes.com,Male
438,Bernetta,Maillard,bmaillardc5@mapy.cz,Female
439,Baily,Cutler,bcutlerc6@businesswire.com,Male
440,Polly,Lailey,plaileyc7@storify.com,Female
441,Koral,Clubley,kclubleyc8@acquirethisname.com,Female
442,Eben,Handrahan,ehandrahanc9@fda.gov,Male
443,Early,Wilce,ewilceca@foxnews.com,Male
444,Min,Yarrington,myarringtoncb@odnoklassniki.ru,Genderqueer
445,Elnora,Bidgod,ebidgodcc@home.pl,Female
446,Charlie,Ivashechkin,civashechkincd@netlog.com,Male
447,Stanwood,Demaid,sdemaidce@newyorker.com,Male
448,Tyrus,Serotsky,tserotskycf@upenn.edu,Male
449,Bryant,Adamowitz,badamowitzcg@techcrunch.com,Male
450,Ramona,Butting,rbuttingch@youku.com,Female
451,Mabelle,Lanmeid,mlanmeidci@deviantart.com,Female
452,Josias,Cornew,jcornewcj@macromedia.com,Male
453,Alissa,Ramberg,arambergck@booking.com,Female
454,Clemmy,Jeffes,cjeffescl@wikimedia.org,Female
455,Willyt,Vuitton,wvuittoncm@businesswire.com,Bigender
456,Rita,Mitcham,rmitchamcn@blogspot.com,Female
457,Keefe,Clowes,kclowesco@wordpress.org,Male
458,Rob,Rockliffe,rrockliffecp@amazon.co.uk,Male
459,Brit,Enright,benrightcq@xrea.com,Male
460,Obadias,Rodnight,orodnightcr@webeden.co.uk,Male
461,Ricky,Sheryn,rsheryncs@imdb.com,Female
462,Basil,Tommaseo,btommaseoct@histats.com,Male
463,Casi,Bellew,cbellewcu@auda.org.au,Female
464,Rockey,Linney,rlinneycv@mac.com,Male
465,Lori,Yerson,lyersoncw@google.com,Female
466,Hyacinthie,Dunley,hdunleycx@webnode.com,Female
467,Claudelle,Adamovsky,cadamovskycy@macromedia.com,Female
468,Karyn,Garmon,kgarmoncz@marriott.com,Female
469,Jammie,Bartosch,jbartoschd0@trellian.com,Bigender
470,Durant,Waring,dwaringd1@foxnews.com,Male
471,Justinn,Affleck,jaffleckd2@123-reg.co.uk,Female
472,Carine,Cockayme,ccockaymed3@yahoo.com,Agender
473,Maurits,Bachelor,mbachelord4@ed.gov,Male
474,Edyth,Matisse,ematissed5@who.int,Female
475,Michele,Gawthorp,mgawthorpd6@sitemeter.com,Male
476,Fran,Tidman,ftidmand7@opera.com,Female
477,Auria,Gioani,agioanid8@mysql.com,Female
478,Bernardo,Mabbe,bmabbed9@lycos.com,Agender
479,Babs,Clemencon,bclemenconda@cdc.gov,Female
480,Adrian,Lelande,alelandedb@geocities.com,Male
481,Whitby,Palmer,wpalmerdc@redcross.org,Male
482,Aurelie,Ormiston,aormistondd@skype.com,Female
483,Catarina,Lynskey,clynskeyde@t.co,Female
484,Robinett,Shurrocks,rshurrocksdf@ucla.edu,Female
485,Buddy,Baistow,bbaistowdg@utexas.edu,Male
486,Daisey,McNevin,dmcnevindh@economist.com,Female
487,Abbi,Gergher,agergherdi@theguardian.com,Female
488,Fifi,Arrighini,farrighinidj@zimbio.com,Female
489,Pietro,Rablan,prablandk@google.pl,Male
490,Kerwinn,Dorricott,kdorricottdl@techcrunch.com,Male
491,Jeremias,McIlmorow,jmcilmorowdm@netscape.com,Male
492,Christian,Brealey,cbrealeydn@unc.edu,Male
493,Kayley,Rickard,krickarddo@craigslist.org,Female
494,Crin,Gelderd,cgelderddp@canalblog.com,Female
495,Mireielle,Bowe,mbowedq@sourceforge.net,Female
496,Lane,Bolmann,lbolmanndr@twitpic.com,Male
497,Julio,Leith-Harvey,jleithharveyds@icq.com,Male
498,Tarrah,Bould,tboulddt@scientificamerican.com,Female
499,Prince,Skentelbury,pskentelburydu@walmart.com,Male
500,Isidora,Havile,ihaviledv@house.gov,Female
501,Edythe,Davids,edavidsdw@wisc.edu,Female
502,Abram,Kirkby,akirkbydx@sfgate.com,Male
503,Hillard,Warde,hwardedy@unesco.org,Agender
504,Janeen,Conti,jcontidz@wunderground.com,Female
505,Brit,Eglese,beglesee0@prnewswire.com,Male
506,Ulrick,Massenhove,umassenhovee1@fda.gov,Male
507,Kristi,Lemerie,klemeriee2@netscape.com,Female
508,Velma,Bloss,vblosse3@goo.ne.jp,Female
509,Oliver,Pavey,opaveye4@theatlantic.com,Male
510,Ed,Vatcher,evatchere5@cyberchimps.com,Male
511,George,Dawney,gdawneye6@posterous.com,Female
512,Mitzi,Heathorn,mheathorne7@theglobeandmail.com,Female
513,Butch,Figg,bfigge8@wikispaces.com,Male
514,Rodolfo,McTavish,rmctavishe9@lycos.com,Male
515,Staffard,Pierson,spiersonea@fc2.com,Male
516,Melissa,Rolls,mrollseb@jalbum.net,Female
517,Cinda,Muffett,cmuffettec@craigslist.org,Female
518,Josephina,McCusker,jmccuskered@scientificamerican.com,Female
519,Farris,McNae,fmcnaeee@pbs.org,Male
520,Averil,Citrine,acitrineef@cbc.ca,Male
521,Emlynn,Roger,erogereg@newsvine.com,Bigender
522,Renee,Lukasen,rlukaseneh@ning.com,Female
523,Harmonie,Mazzilli,hmazzilliei@prweb.com,Female
524,Berke,Rowbottom,browbottomej@cargocollective.com,Male
525,Murdoch,Bonick,mbonickek@go.com,Male
526,Florette,Da Costa,fdacostael@weather.com,Female
527,Raynor,Reynault,rreynaultem@washingtonpost.com,Male
528,Bettine,Garmon,bgarmonen@opensource.org,Female
529,Darlleen,Hamshar,dhamshareo@answers.com,Female
530,Melisse,Cumpsty,mcumpstyep@stanford.edu,Female
531,Andreana,Perelli,aperellieq@reddit.com,Female
532,Hardy,Simyson,hsimysoner@cafepress.com,Polygender
533,Kimberli,Stammler,kstammleres@weebly.com,Female
534,Abbi,Cockrill,acockrillet@comsenz.com,Female
535,Arin,Aaron,aaaroneu@skype.com,Male
536,Jamima,Grog,jgrogev@slate.com,Female
537,Roseann,Laidlow,rlaidlowew@ifeng.com,Female
538,Cliff,Piccard,cpiccardex@wp.com,Male
539,Hadrian,Bellino,hbellinoey@canalblog.com,Male
540,Noelani,Dicke,ndickeez@hao123.com,Bigender
541,Jana,Soro,jsorof0@google.de,Female
542,Osbourne,Kohrding,okohrdingf1@wunderground.com,Male
543,Eberto,Young,eyoungf2@soup.io,Male
544,Hasty,Fairlie,hfairlief3@guardian.co.uk,Male
545,Amie,Trayes,atrayesf4@t.co,Female
546,Dolorita,Fawloe,dfawloef5@indiegogo.com,Female
547,Eve,Brealey,ebrealeyf6@google.com.br,Female
548,Gillian,Levay,glevayf7@typepad.com,Female
549,Christyna,Kellet,ckelletf8@fda.gov,Bigender
550,Georgeanne,Parlott,gparlottf9@scientificamerican.com,Female
551,Kessia,Lindroos,klindroosfa@trellian.com,Female
552,Bobbi,Achromov,bachromovfb@plala.or.jp,Female
553,Caitlin,Challener,cchallenerfc@ezinearticles.com,Female
554,Sheeree,Drinkeld,sdrinkeldfd@163.com,Female
555,Carol-jean,Chazette,cchazettefe@vkontakte.ru,Female
556,Zelda,Keeney,zkeeneyff@angelfire.com,Female
557,Hermy,Flew,hflewfg@about.me,Male
558,Gussie,Elham,gelhamfh@studiopress.com,Female
559,Tara,Copestake,tcopestakefi@weebly.com,Female
560,Michal,Shackell,mshackellfj@imgur.com,Female
561,Gaby,Horry,ghorryfk@techcrunch.com,Male
562,Franz,Ludy,fludyfl@amazon.co.uk,Agender
563,Davide,Boak,dboakfm@addtoany.com,Male
564,Baily,Cray,bcrayfn@plala.or.jp,Male
565,Lexine,Ewence,lewencefo@ftc.gov,Female
566,Barbabra,Cushe,bcushefp@independent.co.uk,Female
567,Adriano,Adamolli,aadamollifq@fc2.com,Male
568,Eadie,Taffley,etaffleyfr@smugmug.com,Female
569,Gilda,Helling,ghellingfs@jugem.jp,Female
570,Cary,Diben,cdibenft@ebay.com,Female
571,Sean,Dobbison,sdobbisonfu@aboutads.info,Male
572,Janeta,Hazlehurst,jhazlehurstfv@mapquest.com,Female
573,Garnette,Swatten,gswattenfw@wsj.com,Female
574,Goldia,Skala,gskalafx@nbcnews.com,Female
575,Annis,Normanton,anormantonfy@ucla.edu,Female
576,Alano,Eastcott,aeastcottfz@skype.com,Male
577,Nathaniel,Cicchillo,ncicchillog0@intel.com,Genderfluid
578,Joycelin,Fogg,jfoggg1@cdbaby.com,Female
579,Nicoline,Bickley,nbickleyg2@qq.com,Female
580,Anthea,Niemetz,aniemetzg3@xing.com,Female
581,Letizia,Enever,leneverg4@geocities.jp,Female
582,Shannon,Duxbarry,sduxbarryg5@sakura.ne.jp,Male
583,Kessia,Orvis,korvisg6@prlog.org,Female
584,Glenn,Liddle,gliddleg7@ihg.com,Male
585,Anastasia,Ellice,aelliceg8@intel.com,Female
586,Haskel,Maillard,hmaillardg9@symantec.com,Male
587,Jamima,Ogborne,jogbornega@bandcamp.com,Female
588,Celestine,Pioch,cpiochgb@squarespace.com,Female
589,Gordon,Lugden,glugdengc@bizjournals.com,Male
590,Crystie,Roisen,croisengd@g.co,Female
591,Willem,Fairbard,wfairbardge@oracle.com,Male
592,Millie,Giacometti,mgiacomettigf@mysql.com,Female
593,Nertie,De Metz,ndemetzgg@nba.com,Female
594,Genni,Halliberton,ghallibertongh@macromedia.com,Female
595,Zedekiah,Lindblom,zlindblomgi@psu.edu,Male
596,Cecilla,O'Hagirtie,cohagirtiegj@tripod.com,Female
597,Gavra,Giraldez,ggiraldezgk@census.gov,Female
598,Nerissa,Everly,neverlygl@cafepress.com,Female
599,Sawyere,Eite,seitegm@nhs.uk,Male
600,Rogers,Readhead,rreadheadgn@zdnet.com,Male
601,Barret,De Roberto,bderobertogo@blinklist.com,Male
602,Pincas,Ferri,pferrigp@icq.com,Male
603,Dannie,Gheorghe,dgheorghegq@usnews.com,Female
604,Teri,Rodden,troddengr@auda.org.au,Female
605,Warner,Clew,wclewgs@quantcast.com,Male
606,Bernelle,McKeggie,bmckeggiegt@geocities.com,Female
607,Juliann,Braddick,jbraddickgu@cdbaby.com,Female
608,Benedick,Ghiotto,bghiottogv@sitemeter.com,Male
609,Neilla,Harbron,nharbrongw@cloudflare.com,Female
610,Kellby,Petrou,kpetrougx@cmu.edu,Male
611,Derrik,Jillions,djillionsgy@booking.com,Male
612,Julee,McEwen,jmcewengz@abc.net.au,Female
613,Madelyn,Loreit,mloreith0@bloomberg.com,Genderfluid
614,Sigmund,Do,sdoh1@istockphoto.com,Male
615,Tamarah,Spratley,tspratleyh2@icq.com,Female
616,Maurie,Tolhurst,mtolhursth3@rediff.com,Male
617,Addia,Lauthian,alauthianh4@wunderground.com,Female
618,Ado,Toner,atonerh5@ycombinator.com,Male
619,Lari,Saladino,lsaladinoh6@ca.gov,Female
620,Jermaine,Ricioppo,jricioppoh7@istockphoto.com,Male
621,Hamil,Alabone,halaboneh8@exblog.jp,Male
622,Ranice,Romayn,rromaynh9@opensource.org,Non-binary
623,Jeromy,Boliver,jboliverha@cdbaby.com,Male
624,Ellen,MacWhirter,emacwhirterhb@twitter.com,Female
625,Fairfax,Cuniam,fcuniamhc@china.com.cn,Male
626,Jessamine,Amsden,jamsdenhd@ftc.gov,Female
627,Eula,Medendorp,emedendorphe@cloudflare.com,Female
628,Dewain,Huggen,dhuggenhf@hugedomains.com,Male
629,Gael,Jessett,gjessetthg@seattletimes.com,Male
630,Isaiah,Paddie,ipaddiehh@patch.com,Male
631,Berny,Screas,bscreashi@bbc.co.uk,Female
632,Cayla,Yurukhin,cyurukhinhj@privacy.gov.au,Female
633,Florie,Wheowall,fwheowallhk@ustream.tv,Female
634,Zed,Tace,ztacehl@cam.ac.uk,Male
635,Keslie,Merfin,kmerfinhm@amazon.de,Genderqueer
636,Kathye,Stamps,kstampshn@tumblr.com,Female
637,Kassandra,Dyson,kdysonho@g.co,Female
638,Nessy,Botfield,nbotfieldhp@ucsd.edu,Female
639,Dede,Wilce,dwilcehq@booking.com,Female
640,Richie,Pala,rpalahr@wikimedia.org,Male
641,Elliot,Von Der Empten,evonderemptenhs@europa.eu,Male
642,Garwood,Bassom,gbassomht@amazon.co.jp,Male
643,Barbara-anne,Hansana,bhansanahu@prweb.com,Female
644,Tyrone,Creyke,tcreykehv@lulu.com,Male
645,Edvard,Claffey,eclaffeyhw@imdb.com,Bigender
646,Chastity,Keri,ckerihx@taobao.com,Female
647,Ingelbert,Whaites,iwhaiteshy@4shared.com,Male
648,Shellie,Gilhouley,sgilhouleyhz@techcrunch.com,Female
649,Leighton,Glayzer,lglayzeri0@theguardian.com,Male
650,Artemas,Belsher,abelsheri1@blog.com,Male
651,Joannes,Sloey,jsloeyi2@constantcontact.com,Female
652,Kennith,Minett,kminetti3@odnoklassniki.ru,Male
653,Marnia,Egentan,megentani4@moonfruit.com,Female
654,Bing,Gettins,bgettinsi5@techcrunch.com,Male
655,Chauncey,Hansbury,chansburyi6@miitbeian.gov.cn,Male
656,Dana,Wraxall,dwraxalli7@cyberchimps.com,Male
657,Freeman,Tumielli,ftumiellii8@domainmarket.com,Male
658,Orrin,Virgin,ovirgini9@bbc.co.uk,Male
659,Shelden,Coghlin,scoghlinia@fotki.com,Male
660,Alwyn,Gilbee,agilbeeib@sciencedirect.com,Male
661,Tamar,Goble,tgobleic@freewebs.com,Female
662,Jo-anne,Aubry,jaubryid@go.com,Female
663,Edwin,Breddy,ebreddyie@prlog.org,Male
664,Roxanne,Smallthwaite,rsmallthwaiteif@merriam-webster.com,Female
665,Jabez,Cestard,jcestardig@discovery.com,Male
666,Nickolai,Tourry,ntourryih@dot.gov,Male
667,Aurea,McCay,amccayii@phoca.cz,Female
668,Kelbee,Thebe,kthebeij@123-reg.co.uk,Male
669,Rianon,Bazeley,rbazeleyik@printfriendly.com,Female
670,Harrie,Glazyer,hglazyeril@dedecms.com,Female
671,Blakelee,Kubasiewicz,bkubasiewiczim@samsung.com,Female
672,Hynda,Caltera,hcalterain@hp.com,Female
673,Colby,Shropsheir,cshropsheirio@berkeley.edu,Male
674,Andriana,O'Regan,aoreganip@cornell.edu,Female
675,Sarette,Withrington,swithringtoniq@thetimes.co.uk,Bigender
676,Mattias,McNysche,mmcnyscheir@live.com,Male
677,Feliza,Norwell,fnorwellis@google.com.au,Female
678,Darrin,Antoniades,dantoniadesit@buzzfeed.com,Agender
679,Sheff,Whitehead,swhiteheadiu@ehow.com,Male
680,Marina,Goodred,mgoodrediv@sbwire.com,Female
681,Hyman,Mingardo,hmingardoiw@jalbum.net,Male
682,Davidson,Gartin,dgartinix@netvibes.com,Male
683,Charmion,Gleaves,cgleavesiy@apache.org,Female
684,Timothea,Freckingham,tfreckinghamiz@guardian.co.uk,Female
685,Don,Bourbon,dbourbonj0@intel.com,Bigender
686,Kaitlin,Ferriere,kferrierej1@furl.net,Female
687,Ode,Petchell,opetchellj2@springer.com,Male
688,Rikki,Massenhove,rmassenhovej3@diigo.com,Female
689,Ariel,Ponder,aponderj4@plala.or.jp,Female
690,Brnaba,Trusler,btruslerj5@examiner.com,Bigender
691,Alvera,Calton,acaltonj6@gizmodo.com,Female
692,Erek,Tilling,etillingj7@nyu.edu,Male
693,Gaylord,Brunsden,gbrunsdenj8@hatena.ne.jp,Male
694,Ric,Frenzel;,rfrenzelj9@ezinearticles.com,Male
695,Donetta,Elsdon,delsdonja@list-manage.com,Female
696,Tania,Laite,tlaitejb@dailymail.co.uk,Female
697,Parsifal,Jadczak,pjadczakjc@bluehost.com,Male
698,Sean,Keilloh,skeillohjd@wikimedia.org,Female
699,Lancelot,Pipe,lpipeje@feedburner.com,Male
700,Roderich,Bogaert,rbogaertjf@instagram.com,Male
701,Maxie,Cohane,mcohanejg@shop-pro.jp,Male
702,Ethe,Snowman,esnowmanjh@wikispaces.com,Genderfluid
703,Della,Lillecrop,dlillecropji@opera.com,Female
704,Raphael,Olivi,rolivijj@ca.gov,Male
705,Demetre,Branno,dbrannojk@dell.com,Genderqueer
706,Newton,Fritchley,nfritchleyjl@homestead.com,Male
707,Barth,Dockwray,bdockwrayjm@bloglines.com,Genderfluid
708,Benoit,Sabey,bsabeyjn@de.vu,Bigender
709,Morgana,Gorini,mgorinijo@google.fr,Female
710,Garik,Romaynes,gromaynesjp@photobucket.com,Male
711,Sybil,Espinos,sespinosjq@shareasale.com,Polygender
712,Norby,McBay,nmcbayjr@timesonline.co.uk,Male
713,Natala,Tourmell,ntourmelljs@blogger.com,Female
714,Nappie,Stummeyer,nstummeyerjt@nih.gov,Male
715,Pascale,Possell,ppossellju@moonfruit.com,Male
716,Blisse,Girodias,bgirodiasjv@plala.or.jp,Female
717,Konstance,Vidgen,kvidgenjw@symantec.com,Female
718,Enrika,Chrispin,echrispinjx@booking.com,Female
719,Britni,Mosconi,bmosconijy@unesco.org,Female
720,Monro,Bungey,mbungeyjz@ycombinator.com,Male
721,Chicky,Verson,cversonk0@chronoengine.com,Agender
722,Marcy,Kalisz,mkaliszk1@ucla.edu,Female
723,Dane,Forre,dforrek2@imageshack.us,Male
724,Claude,Ibbott,cibbottk3@yellowpages.com,Female
725,Rachele,O'Dowling,rodowlingk4@github.io,Bigender
726,Marika,Elphinstone,melphinstonek5@linkedin.com,Female
727,Gayla,Greader,ggreaderk6@unc.edu,Female
728,Dex,Jorin,djorink7@gravatar.com,Male
729,Pierrette,Cowden,pcowdenk8@seattletimes.com,Non-binary
730,Winona,MacCrachen,wmaccrachenk9@friendfeed.com,Genderfluid
731,Germaine,Burke,gburkeka@bigcartel.com,Female
732,Hayes,Hissett,hhissettkb@ameblo.jp,Male
733,Scarface,Rubinovitch,srubinovitchkc@pinterest.com,Male
734,Marion,Blackman,mblackmankd@yandex.ru,Female
735,Gwendolen,Boij,gboijke@noaa.gov,Agender
736,Lynde,Grabban,lgrabbankf@cbslocal.com,Female
737,Dallis,Wymer,dwymerkg@purevolume.com,Male
738,Phillipe,Bonifazio,pbonifaziokh@edublogs.org,Male
739,Melantha,Lapworth,mlapworthki@stanford.edu,Female
740,Shelton,Killigrew,skilligrewkj@businesswire.com,Male
741,Standford,Grumble,sgrumblekk@rambler.ru,Male
742,Lucien,Cestard,lcestardkl@e-recht24.de,Male
743,Ali,Casa,acasakm@unblog.fr,Female
744,Frederic,Alcoran,falcorankn@1688.com,Male
745,Reeba,Durtnell,rdurtnellko@reverbnation.com,Female
746,Bevan,Aris,bariskp@mapquest.com,Male
747,Patrizia,Nertney,pnertneykq@webmd.com,Female
748,Goldina,Faragan,gfaragankr@histats.com,Female
749,Kirsti,Cridlan,kcridlanks@scribd.com,Female
750,Papageno,Colbrun,pcolbrunkt@parallels.com,Male
751,Roanne,MacMearty,rmacmeartyku@omniture.com,Female
752,Lucille,Bulcroft,lbulcroftkv@slideshare.net,Female
753,Tedman,Sute,tsutekw@w3.org,Male
754,Welsh,Meadus,wmeaduskx@nih.gov,Male
755,Antonina,Fazzioli,afazzioliky@acquirethisname.com,Female
756,Reynolds,Dannett,rdannettkz@springer.com,Genderfluid
757,Garrik,Whitehorn,gwhitehornl0@slideshare.net,Male
758,Quint,Browncey,qbrownceyl1@noaa.gov,Male
759,Hermon,Sibley,hsibleyl2@ucla.edu,Male
760,Zebulon,Ramsell,zramselll3@usa.gov,Male
761,Jessy,Imore,jimorel4@twitpic.com,Polygender
762,Ame,Domleo,adomleol5@globo.com,Female
763,Worth,Borrowman,wborrowmanl6@godaddy.com,Male
764,Edna,Empringham,eempringhaml7@tinyurl.com,Female
765,Gael,Braunlein,gbraunleinl8@webmd.com,Non-binary
766,Milicent,Juggings,mjuggingsl9@cisco.com,Female
767,Lowe,Beade,lbeadela@feedburner.com,Male
768,Marcela,Cowwell,mcowwelllb@independent.co.uk,Female
769,Aveline,Reneke,arenekelc@patch.com,Female
770,Winni,Aronowicz,waronowiczld@sciencedirect.com,Female
771,Ashley,Ludlam,aludlamle@irs.gov,Genderqueer
772,Margit,Badland,mbadlandlf@paypal.com,Female
773,Orsola,Enriquez,oenriquezlg@fastcompany.com,Female
774,Broderic,Mayho,bmayholh@mac.com,Male
775,Norry,Briance,nbrianceli@mashable.com,Female
776,Iolanthe,Schwandermann,ischwandermannlj@shinystat.com,Polygender
777,Doroteya,Labden,dlabdenlk@fastcompany.com,Female
778,Molly,Blague,mblaguell@dedecms.com,Female
779,Shane,Robiot,srobiotlm@theguardian.com,Male
780,Reiko,Dresche,rdrescheln@house.gov,Female
781,Eileen,McGrayle,emcgraylelo@cornell.edu,Agender
782,Redd,Rookwell,rrookwelllp@wikispaces.com,Male
783,Joann,Peachment,jpeachmentlq@si.edu,Female
784,Lloyd,Milliken,lmillikenlr@mapquest.com,Male
785,Mei,Fowlestone,mfowlestonels@walmart.com,Female
786,Eileen,Peaker,epeakerlt@lycos.com,Female
787,Hildegarde,Gallamore,hgallamorelu@imageshack.us,Female
788,Colet,Seyler,cseylerlv@intel.com,Male
789,Penrod,Dows,pdowslw@senate.gov,Male
790,Hulda,Butterwick,hbutterwicklx@shop-pro.jp,Female
791,Simona,Sarvar,ssarvarly@4shared.com,Female
792,Monte,Mackilpatrick,mmackilpatricklz@amazon.co.jp,Male
793,Lita,Jaggard,ljaggardm0@independent.co.uk,Female
794,Chantalle,Fehely,cfehelym1@bandcamp.com,Female
795,Pancho,Halesworth,phalesworthm2@newsvine.com,Male
796,Arthur,Philipps,aphilippsm3@chronoengine.com,Male
797,Maggie,Abbotson,mabbotsonm4@patch.com,Female
798,Kellina,Kittley,kkittleym5@sohu.com,Female
799,Ange,Shoreson,ashoresonm6@sciencedaily.com,Male
800,Rossy,Donavan,rdonavanm7@sun.com,Male
801,Derril,Sheed,dsheedm8@admin.ch,Male
802,Chad,Chue,cchuem9@paypal.com,Male
803,Clemmie,Symes,csymesma@smugmug.com,Non-binary
804,Pauly,Dedmam,pdedmammb@thetimes.co.uk,Female
805,Viole,Buyers,vbuyersmc@mashable.com,Female
806,Annelise,Durden,adurdenmd@360.cn,Female
807,Emmery,Deshorts,edeshortsme@ustream.tv,Polygender
808,Halsy,Murthwaite,hmurthwaitemf@cbslocal.com,Male
809,Dotti,Drife,ddrifemg@bloglines.com,Female
810,Yasmin,Irvin,yirvinmh@usgs.gov,Agender
811,Gene,Jakeman,gjakemanmi@washington.edu,Female
812,Ethelind,Korba,ekorbamj@wired.com,Polygender
813,Lalo,Mabbe,lmabbemk@dyndns.org,Male
814,Worthington,Ivanyukov,wivanyukovml@is.gd,Male
815,Mendy,Trembey,mtrembeymm@quantcast.com,Male
816,Ingram,Bampford,ibampfordmn@mozilla.com,Male
817,Tailor,Johnes,tjohnesmo@360.cn,Male
818,Rudolf,Hollingsbee,rhollingsbeemp@illinois.edu,Male
819,Jemimah,McGeachey,jmcgeacheymq@ft.com,Female
820,Kippar,Riep,kriepmr@yolasite.com,Genderqueer
821,Ichabod,Ableson,iablesonms@sciencedaily.com,Male
822,Giraud,Gommes,ggommesmt@dmoz.org,Male
823,Linc,Danielski,ldanielskimu@bloglines.com,Male
824,Coraline,Giacopello,cgiacopellomv@rakuten.co.jp,Female
825,Tremaine,Rosenbaum,trosenbaummw@dion.ne.jp,Male
826,Torey,Warbeys,twarbeysmx@cocolog-nifty.com,Genderqueer
827,Wanids,Forst,wforstmy@barnesandnoble.com,Female
828,Lishe,Croker,lcrokermz@cmu.edu,Female
829,Kristoffer,Willeman,kwillemann0@amazon.com,Male
830,Marcelia,Peer,mpeern1@moonfruit.com,Female
831,Lynnett,Suller,lsullern2@themeforest.net,Female
832,Shaun,Legrave,slegraven3@scribd.com,Male
833,Porty,Downing,pdowningn4@biglobe.ne.jp,Male
834,Daffi,Origin,doriginn5@freewebs.com,Female
835,Tilda,Glazebrook,tglazebrookn6@nps.gov,Agender
836,Wendell,Cowap,wcowapn7@sourceforge.net,Male
837,Marielle,Addyman,maddymann8@vistaprint.com,Female
838,Lexis,Farraway,lfarrawayn9@hibu.com,Female
839,Newton,Bingall,nbingallna@patch.com,Non-binary
840,Zollie,Clemits,zclemitsnb@theatlantic.com,Male
841,Babara,Vannuccinii,bvannucciniinc@washington.edu,Non-binary
842,Clint,Stickler,csticklernd@cbslocal.com,Male
843,Lindie,Cocklin,lcocklinne@google.ru,Female
844,Dominica,Roizin,droizinnf@uiuc.edu,Female
845,Derk,Titterell,dtitterellng@canalblog.com,Male
846,Amber,Stanbury,astanburynh@about.com,Female
847,Tucky,Groveham,tgrovehamni@wufoo.com,Male
848,Lethia,Whetnell,lwhetnellnj@google.it,Female
849,Corabel,Harry,charrynk@ca.gov,Female
850,Justus,Van der Merwe,jvandermerwenl@kickstarter.com,Male
851,Babita,Barfield,bbarfieldnm@virginia.edu,Female
852,Chiquita,Bomfield,cbomfieldnn@dyndns.org,Female
853,Aurore,Banaszewski,abanaszewskino@dell.com,Female
854,Xymenes,Benninck,xbennincknp@nytimes.com,Agender
855,Leodora,Tarn,ltarnnq@shop-pro.jp,Female
856,Gregoire,Yendall,gyendallnr@vistaprint.com,Male
857,Bartlet,Pahler,bpahlerns@mlb.com,Male
858,Brade,Robertshaw,brobertshawnt@sfgate.com,Male
859,Gerrie,Virgoe,gvirgoenu@merriam-webster.com,Female
860,Ginnie,de Mendoza,gdemendozanv@xrea.com,Female
861,Aleen,Brightie,abrightienw@earthlink.net,Non-binary
862,Ray,Greder,rgredernx@youtu.be,Male
863,Eleonore,Sperwell,esperwellny@chron.com,Female
864,Stormie,Ferreras,sferrerasnz@pen.io,Female
865,Bella,Hooban,bhoobano0@yellowpages.com,Female
866,Culley,Denys,cdenyso1@utexas.edu,Male
867,Jacquenette,Ledwich,jledwicho2@microsoft.com,Female
868,Horatia,Pummell,hpummello3@toplist.cz,Female
869,Rozella,Chsteney,rchsteneyo4@homestead.com,Female
870,Morlee,McIlory,mmciloryo5@github.io,Male
871,Nanon,Garrity,ngarrityo6@fc2.com,Female
872,Roarke,Stoddard,rstoddardo7@delicious.com,Male
873,Tamqrah,McKinnon,tmckinnono8@mediafire.com,Agender
874,Laureen,Drable,ldrableo9@omniture.com,Female
875,Gian,La Wille,glawilleoa@sogou.com,Male
876,Billy,Duxbarry,bduxbarryob@geocities.jp,Male
877,Mamie,Rohlfing,mrohlfingoc@youku.com,Female
878,Harwell,Chantrell,hchantrellod@lycos.com,Male
879,Giuseppe,Zarb,gzarboe@deliciousdays.com,Agender
880,Vivia,Quin,vquinof@time.com,Female
881,Bradan,Sodo,bsodoog@businessinsider.com,Male
882,Rollo,McIlhone,rmcilhoneoh@pbs.org,Male
883,Brigham,Offner,boffneroi@eventbrite.com,Male
884,Lauree,McCafferky,lmccafferkyoj@microsoft.com,Female
885,Darci,Absalom,dabsalomok@earthlink.net,Female
886,Phelia,Delion,pdelionol@google.com.br,Female
887,Brigit,Bachellier,bbachellierom@chronoengine.com,Female
888,Auberon,Phizackerly,aphizackerlyon@amazon.de,Male
889,Alli,Cogle,acogleoo@guardian.co.uk,Female
890,Pepillo,Luca,plucaop@umn.edu,Male
891,Micky,Jolliffe,mjolliffeoq@globo.com,Male
892,Jeana,MacPike,jmacpikeor@yahoo.com,Female
893,Deva,Divver,ddivveros@cam.ac.uk,Female
894,Annabell,Darnbrook,adarnbrookot@hud.gov,Non-binary
895,Fredelia,Sherrock,fsherrockou@bloomberg.com,Female
896,Wyatan,Olle,wolleov@sourceforge.net,Male
897,Ulrick,Sussans,usussansow@amazon.de,Male
898,Reese,Tumulty,rtumultyox@census.gov,Male
899,Gare,Lampen,glampenoy@home.pl,Male
900,Sabina,Abisetti,sabisettioz@exblog.jp,Female
901,Yvon,Maseres,ymaseresp0@ning.com,Male
902,Timofei,Huggons,thuggonsp1@hao123.com,Male
903,Rabbi,McCutheon,rmccutheonp2@wikimedia.org,Male
904,Bald,Blanchette,bblanchettep3@studiopress.com,Male
905,Kendall,Blaske,kblaskep4@hexun.com,Male
906,Bendix,Comrie,bcomriep5@etsy.com,Male
907,Earle,Colledge,ecolledgep6@sun.com,Male
908,Kylila,Fright,kfrightp7@rediff.com,Female
909,Jerrilyn,Seymer,jseymerp8@tinypic.com,Female
910,Hinda,Robillard,hrobillardp9@friendfeed.com,Female
911,Fidelio,Dunsire,fdunsirepa@chicagotribune.com,Male
912,Titos,Binding,tbindingpb@stumbleupon.com,Male
913,Delmar,Mully,dmullypc@naver.com,Male
914,Dimitri,Duckwith,dduckwithpd@reddit.com,Male
915,Christen,Chasemoore,cchasemoorepe@etsy.com,Female
916,Barri,Silmon,bsilmonpf@jugem.jp,Male
917,Portia,Lowmass,plowmasspg@thetimes.co.uk,Female
918,Merv,Asmus,masmusph@mlb.com,Male
919,Thom,Geare,tgearepi@europa.eu,Male
920,Valentia,Aires,vairespj@ameblo.jp,Female
921,Oona,Diggons,odiggonspk@webs.com,Female
922,Richie,Lindholm,rlindholmpl@wikimedia.org,Male
923,Prescott,Wishart,pwishartpm@tiny.cc,Male
924,Tabbatha,Lydiatt,tlydiattpn@squarespace.com,Female
925,Avis,Ianizzi,aianizzipo@bing.com,Female
926,Margery,MacBey,mmacbeypp@nhs.uk,Bigender
927,Francklyn,Tremmil,ftremmilpq@techcrunch.com,Male
928,Jamima,Dady,jdadypr@liveinternet.ru,Genderqueer
929,Xena,Fletham,xflethamps@symantec.com,Female
930,Ronalda,Dimic,rdimicpt@europa.eu,Female
931,Clementina,Dacks,cdackspu@paginegialle.it,Female
932,Windy,Evill,wevillpv@nps.gov,Female
933,Yves,Rodbourne,yrodbournepw@networksolutions.com,Bigender
934,Webster,D'Orsay,wdorsaypx@examiner.com,Male
935,Omero,Dorracott,odorracottpy@printfriendly.com,Male
936,Cornelle,Sells,csellspz@pagesperso-orange.fr,Female
937,Jeannette,Syne,jsyneq0@senate.gov,Female
938,Velvet,Casale,vcasaleq1@dropbox.com,Female
939,Essie,O'Hederscoll,eohederscollq2@hud.gov,Female
940,Godard,Stanyland,gstanylandq3@shareasale.com,Male
941,Kai,Gifkins,kgifkinsq4@weather.com,Genderfluid
942,Arturo,Vokes,avokesq5@usgs.gov,Male
943,Gillie,Prall,gprallq6@about.me,Female
944,Julie,Smoth,jsmothq7@ning.com,Female
945,Catriona,Shearstone,cshearstoneq8@wunderground.com,Agender
946,Berna,Brixey,bbrixeyq9@vinaora.com,Female
947,Anni,Linkleter,alinkleterqa@fastcompany.com,Female
948,Tiertza,Jozwik,tjozwikqb@foxnews.com,Female
949,Harman,McGoldrick,hmcgoldrickqc@walmart.com,Male
950,Lowell,Satford,lsatfordqd@1688.com,Male
951,Karine,Mattusov,kmattusovqe@statcounter.com,Female
952,Joyan,Berndt,jberndtqf@mail.ru,Female
953,Haywood,Yearby,hyearbyqg@yellowbook.com,Male
954,Caryn,Coverly,ccoverlyqh@nature.com,Female
955,Ramonda,Ousbie,rousbieqi@multiply.com,Female
956,Cchaddie,De Filippo,cdefilippoqj@umich.edu,Male
957,Faythe,Westwell,fwestwellqk@mapy.cz,Female
958,Myrvyn,Biddell,mbiddellql@bluehost.com,Male
959,Iorgo,Downe,idowneqm@ezinearticles.com,Male
960,Yoshiko,Bruhke,ybruhkeqn@constantcontact.com,Female
961,Kiley,Cockhill,kcockhillqo@intel.com,Male
962,Wenona,Rishworth,wrishworthqp@naver.com,Female
963,Marquita,Blader,mbladerqq@imdb.com,Female
964,Ramon,Marsden,rmarsdenqr@jimdo.com,Male
965,Welch,Delmonti,wdelmontiqs@cornell.edu,Non-binary
966,Ellen,Mewhirter,emewhirterqt@walmart.com,Female
967,Leif,Hutsby,lhutsbyqu@cocolog-nifty.com,Male
968,Reagan,Kidston,rkidstonqv@howstuffworks.com,Male
969,Hollie,Binion,hbinionqw@istockphoto.com,Bigender
970,Ellette,Walkowski,ewalkowskiqx@usda.gov,Female
971,Merridie,Giorgielli,mgiorgielliqy@eventbrite.com,Female
972,Giraldo,Halls,ghallsqz@usatoday.com,Male
973,Ardine,Oliveti,aolivetir0@t-online.de,Polygender
974,Tally,Sancho,tsanchor1@telegraph.co.uk,Male
975,Gratia,Tiddy,gtiddyr2@purevolume.com,Female
976,Francyne,Whittick,fwhittickr3@si.edu,Female
977,Stirling,Sheara,sshearar4@flavors.me,Male
978,Eldredge,McGrirl,emcgrirlr5@independent.co.uk,Male
979,Halette,Ironside,hironsider6@over-blog.com,Female
980,Cornelia,Schelle,cscheller7@vk.com,Genderqueer
981,Carlee,Mugridge,cmugridger8@taobao.com,Female
982,Leanora,Greengrass,lgreengrassr9@nyu.edu,Female
983,Johnny,Greest,jgreestra@hostgator.com,Male
984,Kayla,Perel,kperelrb@tiny.cc,Female
985,Verne,Collins,vcollinsrc@java.com,Male
986,Georgine,Kunisch,gkunischrd@macromedia.com,Female
987,Coretta,Deakan,cdeakanre@scribd.com,Female
988,Fleur,Kunert,fkunertrf@columbia.edu,Female
989,Eduino,Loosmore,eloosmorerg@reverbnation.com,Polygender
990,Pam,Villaron,pvillaronrh@xrea.com,Female
991,Merwin,Annott,mannottri@dailymotion.com,Male
992,Carma,Swindles,cswindlesrj@washington.edu,Female
993,Gilbertina,Yushkin,gyushkinrk@lulu.com,Female
994,Nonna,Phipps,nphippsrl@weibo.com,Female
995,Penny,Hebbard,phebbardrm@harvard.edu,Male
996,Elianore,Witherbed,ewitherbedrn@ucsd.edu,Agender
997,Jami,Graddon,jgraddonro@xing.com,Female
998,Daveen,Eslie,deslierp@woothemes.com,Female
999,Dom,Argue,darguerq@msu.edu,Male
1000,Gram,Davidovic,gdavidovicrr@cdc.gov,Male
